Keyword,Rank,Title,Link,DisplayLink,IsCompetitor
language learning,1,Language Learning - Wiley Online Library,https://onlinelibrary.wiley.com/journal/14679922,onlinelibrary.wiley.com,False
language learning,2,Language Learning,https://www.reddit.com/r/languagelearning/,www.reddit.com,False
language learning,3,Official Rosetta Stone® | How Language Is Learned,https://www.rosettastone.com/,www.rosettastone.com,True
language learning,4,Duolingo - The world's best way to learn a language,https://www.duolingo.com/,www.duolingo.com,True
language learning,5,Language for Life - Babbel.com | Babbel,https://www.babbel.com/,www.babbel.com,False
language learning,6,Duolingo - Language Lessons on the App Store,https://apps.apple.com/us/app/duolingo-language-lessons/id570060128,apps.apple.com,False
language learning,7,Learn a Language | Free Online Language Learning,https://www.learnalanguage.com/,www.learnalanguage.com,False
language learning,8,Duolingo: Language Lessons - Apps on Google Play,https://play.google.com/store/apps/details?id=com.duolingo&hl=en_US,play.google.com,False
language learning,9,Learn Languages Online - Language Learner Success | Pimsleur®,https://www.pimsleur.com/,www.pimsleur.com,False
language learning,10,Babbel - Language Learning on the App Store,https://apps.apple.com/us/app/babbel-language-learning/id829587759,apps.apple.com,False
ai game,1,AI Dungeon,https://aidungeon.com/,aidungeon.com,False
ai game,2,"Quick, Draw!",https://quickdraw.withgoogle.com/,quickdraw.withgoogle.com,False
ai game,3,Stanford creates Sims-like game filled with NPC's powered by ...,https://www.reddit.com/r/gaming/comments/12i83ql/stanford_creates_simslike_game_filled_with_npcs/,www.reddit.com,False
ai game,4,AI and Games - YouTube,https://www.youtube.com/channel/UCov_51F0betb6hJ6Gumxg3Q,www.youtube.com,False
ai game,5,Is there a way to watch an only AI game? : r/aoe4,https://www.reddit.com/r/aoe4/comments/r4jycc/is_there_a_way_to_watch_an_only_ai_game/,www.reddit.com,False
ai game,6,AI Dungeon on the App Store,https://apps.apple.com/us/app/ai-dungeon/id1491268416,apps.apple.com,False
ai game,7,About the AI and game in general (potential spoilers) :: Vaudeville ...,https://steamcommunity.com/app/2240920/discussions/0/3810658860694652570/,steamcommunity.com,False
ai game,8,New Game against AI - Questions and Answers - Call of War- Forum,https://forum.callofwar.com/index.php?thread/36324-new-game-against-ai/,forum.callofwar.com,False
ai game,9,If I leave a Co Op VS AI game will I get a tick towards a ban ...,https://gamefaqs.gamespot.com/boards/954437-league-of-legends/60752146,gamefaqs.gamespot.com,False
ai game,10,Shall We Play A Game? How to Teach the Basics of Generative AI,https://www.linkedin.com/pulse/shall-we-play-game-how-teach-basics-generative-ai-barry-joseph,www.linkedin.com,False
learn english,1,Learn English in 3 Hours - ALL You Need to Speak English - YouTube,https://www.youtube.com/watch?v=kCMYfcjqlvI,www.youtube.com,False
learn english,2,Learn English with Bob the Canadian - YouTube,https://www.youtube.com/channel/UCZJJTxA36ZPNTJ1WFIByaeA,www.youtube.com,False
learn english,3,Learn English in 90 minutes - ALL the Advanced Vocabulary You ...,https://www.youtube.com/watch?v=kotoNOAvNGk,www.youtube.com,False
learn english,4,Voice of America - Learn American English with VOA Learning English,https://learningenglish.voanews.com/,learningenglish.voanews.com,False
learn english,5,The Best Way To Learn English (In my humble opinion.) - YouTube,https://www.youtube.com/watch?v=5-T6Xqlh6BU,www.youtube.com,False
learn english,6,British Council: Learn English Online,https://learnenglish.britishcouncil.org/,learnenglish.britishcouncil.org,False
learn english,7,English As a Second Language,https://www.reddit.com/r/EnglishLearning/,www.reddit.com,False
learn english,8,Duolingo - Language Lessons on the App Store,https://apps.apple.com/us/app/duolingo-language-lessons/id570060128,apps.apple.com,False
learn english,9,Learn English with Bob the Canadian on Apple Podcasts,https://podcasts.apple.com/us/podcast/learn-english-with-bob-the-canadian/id1498325643,podcasts.apple.com,False
learn english,10,Here's What No One Told Me About Trying To Learn English As An ...,https://www.huffpost.com/entry/immigrants-learning-english-language_n_6283a905e4b04353eb09a9ae,www.huffpost.com,False
online spanish classes,1,I'm looking for an online Spanish course that is structured like a high ...,https://www.reddit.com/r/Spanish/comments/15ja88f/im_looking_for_an_online_spanish_course_that_is/,www.reddit.com,False
online spanish classes,2,Online Spanish tutors & teachers for private Spanish lessons,https://preply.com/en/online/spanish-tutors,preply.com,False
online spanish classes,3,Any good Online Spanish Learning Platforms? : r/Spanish,https://www.reddit.com/r/Spanish/comments/vy12p8/any_good_online_spanish_learning_platforms/,www.reddit.com,False
online spanish classes,4,"Babbel Live | Learn Spanish with live, online classes",https://www.babbel.com/live-online-spanish-classes,www.babbel.com,False
online spanish classes,5,Learn Spanish Online from Native-Level Teachers | Lingoda,https://www.lingoda.com/en/spanish/,www.lingoda.com,False
online spanish classes,6,Berges Institute | Online Live Spanish Classes,https://www.bergesinstitutespanish.com/,www.bergesinstitutespanish.com,False
online spanish classes,7,Master Spanish with Self-paced Online Courses – Lengalia,https://www.lengalia.com/en/spanish-courses-online.html,www.lengalia.com,False
online spanish classes,8,Experienced Spanish tutors | online Spanish lessons | italki,https://www.italki.com/en/teachers/spanish,www.italki.com,False
online spanish classes,9,The world's best way to learn Spanish - Duolingo,https://www.duolingo.com/course/es/en/Learn-Spanish,www.duolingo.com,True
online spanish classes,10,Online Mexican Spanish Classes: A Review - Mexico Cassie Goes ...,https://mexicocassie.com/online-mexican-spanish-classes/,mexicocassie.com,False
learn spanish online,1,Best way to learn spanish online? : r/Spanish,https://www.reddit.com/r/Spanish/comments/yd31wl/best_way_to_learn_spanish_online/,www.reddit.com,False
learn spanish online,2,Learn Spanish Online at StudySpanish.com,https://studyspanish.com/,studyspanish.com,False
learn spanish online,3,The world's best way to learn Spanish - Duolingo,https://www.duolingo.com/course/es/en/Learn-Spanish,www.duolingo.com,True
learn spanish online,4,What is the best free way to learn Spanish (Preferably Mexican ...,https://www.reddit.com/r/Spanish/comments/zhg0im/what_is_the_best_free_way_to_learn_spanish/,www.reddit.com,False
learn spanish online,5,Free Online Spanish Lessons with Audio - The Spanish Experiment,https://www.thespanishexperiment.com/learn-spanish,www.thespanishexperiment.com,False
learn spanish online,6,Learn Spanish Online from Native-Level Teachers | Lingoda,https://www.lingoda.com/en/spanish/,www.lingoda.com,False
learn spanish online,7,SpanishBOOM - Learn Spanish language free - Learn Spanish,https://spanishboom.com/,spanishboom.com,False
learn spanish online,8,Learn Spanish with Babbel,https://www.babbel.com/learn-spanish,www.babbel.com,False
learn spanish online,9,Learn Spanish Online for Free - Mondly,https://www.mondly.com/learn-spanish-online,www.mondly.com,False
learn spanish online,10,Where it's best to learn Spanish online? - Quora,https://www.quora.com/Where-its-best-to-learn-Spanish-online,www.quora.com,False
interactive language games,1,"Language Arts & Spelling Games - 47 Original, Interactive Games",https://mrnussbaum.com/language-arts-games,mrnussbaum.com,False
interactive language games,2,Word Games | Language Arts Games Online,https://www.roomrecess.com/pages/WordGames.html,www.roomrecess.com,False
interactive language games,3,Digital Dialects: Language learning games & activities,https://www.digitaldialects.com/,www.digitaldialects.com,False
interactive language games,4,7 Interactive Language Arts Games for Digital Classrooms,https://www.differentiatedteaching.com/online-ela-games/,www.differentiatedteaching.com,False
interactive language games,5,I wrote an interactive webtool to translate the game's language! : r ...,https://www.reddit.com/r/TunicGame/comments/thy5np/i_wrote_an_interactive_webtool_to_translate_the/,www.reddit.com,False
interactive language games,6,Programming language of Pdox games | Paradox Interactive Forums,https://forum.paradoxplaza.com/forum/threads/programming-language-of-pdox-games.705797/,forum.paradoxplaza.com,False
interactive language games,7,Online ESL Games,https://www.gamestolearnenglish.com/,www.gamestolearnenglish.com,False
interactive language games,8,Does anyone know what programming language is used in Paradox ...,https://www.reddit.com/r/learnprogramming/comments/4vhopg/does_anyone_know_what_programming_language_is/,www.reddit.com,False
interactive language games,9,Code language used in PDX games | Paradox Interactive Forums,https://forum.paradoxplaza.com/forum/threads/code-language-used-in-pdx-games.1473320/,forum.paradoxplaza.com,False
interactive language games,10,16 Language Learning Games & Activities: Fun & Effective,https://preply.com/en/blog/at-home-language-learning-games/,preply.com,False
language learning game,1,Games for (effective) language learning? : r/languagelearning,https://www.reddit.com/r/languagelearning/comments/nf5n1b/games_for_effective_language_learning/,www.reddit.com,False
language learning game,2,Digital Dialects: Language learning games & activities,https://www.digitaldialects.com/,www.digitaldialects.com,False
language learning game,3,What is a game that helped you learned your target language? : r ...,https://www.reddit.com/r/languagelearning/comments/16fgcyp/what_is_a_game_that_helped_you_learned_your/,www.reddit.com,False
language learning game,4,Drops: Language Learning Games - Apps on Google Play,https://play.google.com/store/apps/details?id=com.languagedrops.drops.international&hl=en_US,play.google.com,False
language learning game,5,"Language-learning game, too ambitious? - Unity Forum",https://forum.unity.com/threads/language-learning-game-too-ambitious.469046/,forum.unity.com,False
language learning game,6,Drops: Language Learning Games on the App Store,https://apps.apple.com/us/app/drops-language-learning-games/id939540371,apps.apple.com,False
language learning game,7,11 Best Language Learning Games To Make You Fluent,https://blog.fluent-forever.com/language-learning-games/,blog.fluent-forever.com,False
language learning game,8,Duolingo - The world's best way to learn a language,https://www.duolingo.com/,www.duolingo.com,True
language learning game,9,Six great language learning games to try in your classroom,https://sanako.com/six-great-language-learning-games-to-try-in-your-classroom,sanako.com,False
language learning game,10,Influent | A Language Learning Video Game!,https://playinfluent.com/,playinfluent.com,False
online language learning,1,Duolingo - The world's best way to learn a language,https://www.duolingo.com/,www.duolingo.com,True
online language learning,2,Language for Life - Babbel.com | Babbel,https://www.babbel.com/,www.babbel.com,False
online language learning,3,Preply: Learn with the best online language tutors,https://preply.com/,preply.com,False
online language learning,4,Official Rosetta Stone® | How Language Is Learned,https://www.rosettastone.com/,www.rosettastone.com,True
online language learning,5,Lingoda: Online language courses with native-level teachers,https://www.lingoda.com/en/,www.lingoda.com,False
online language learning,6,"15 Best At-Home Language Learning Programs, Tools 2020 | The ...",https://nymag.com/strategist/article/how-to-learn-languages-at-home.html,nymag.com,False
online language learning,7,what are apps or websites where you can learn languages ...,https://www.reddit.com/r/languagelearning/comments/uhiuab/what_are_apps_or_websites_where_you_can_learn/,www.reddit.com,False
online language learning,8,Learn a Language | Free Online Language Learning,https://www.learnalanguage.com/,www.learnalanguage.com,False
online language learning,9,Best online language learning program? : r/languagelearning,https://www.reddit.com/r/languagelearning/comments/ctn614/best_online_language_learning_program/,www.reddit.com,False
online language learning,10,Mango Languages: Homepage,https://mangolanguages.com/,mangolanguages.com,False
gamified language learning,1,Gamified Language Learning Apps: Do They Truly Motivate You? : r ...,https://www.reddit.com/r/languagelearning/comments/14a2pze/gamified_language_learning_apps_do_they_truly/,www.reddit.com,False
gamified language learning,2,The Gamification of Language Learning | FluentU Language Learning,https://www.fluentu.com/blog/learn/language-learning-gamification/,www.fluentu.com,False
gamified language learning,3,Gamification in Language Learning : r/languagelearning,https://www.reddit.com/r/languagelearning/comments/2alrub/gamification_in_language_learning/,www.reddit.com,False
gamified language learning,4,4 Ways to Gamify Foreign Language Learning - Smart Language ...,https://www.smartlanguagelearner.com/ways-to-gamify-language-learning/,www.smartlanguagelearner.com,False
gamified language learning,5,Can't we make language learning way more fun and addictive than it ...,https://www.reddit.com/r/languagelearning/comments/15366yt/cant_we_make_language_learning_way_more_fun_and/,www.reddit.com,False
gamified language learning,6,My Honest Review of Duolingo for Homeschool Language Learning ...,https://languagelearningathome.com/blog/my-honest-review-of-duolingo-for-homeschool-language-learning,languagelearningathome.com,False
gamified language learning,7,Game Over? The Hidden Dangers of Gamified Language Learning ...,https://medium.com/@bear_in_the_dark/game-over-the-hidden-dangers-of-gamified-language-learning-b8370b9676e3,medium.com,False
gamified language learning,8,The Effectiveness of Gamified Tools for Foreign Language Learning ...,https://www.ncbi.nlm.nih.gov/pmc/articles/PMC10135444/,www.ncbi.nlm.nih.gov,False
gamified language learning,9,Duolingo's Gamified Success: A Language Learning Triumph,https://sensortower.com/blog/duolingos-gamified-success-a-language-learning-triumph,sensortower.com,False
gamified language learning,10,The 10 Best Educational Apps that use Gamification for adults in ...,https://yukaichou.com/gamification-examples/top-10-education-gamification-examples/,yukaichou.com,False
language learning app,1,Duolingo - The world's best way to learn a language,https://www.duolingo.com/,www.duolingo.com,True
language learning app,2,Duolingo - Language Lessons on the App Store,https://apps.apple.com/us/app/duolingo-language-lessons/id570060128,apps.apple.com,False
language learning app,3,Duolingo: Language Lessons - Apps on Google Play,https://play.google.com/store/apps/details?id=com.duolingo&hl=en_US,play.google.com,False
language learning app,4,Babbel - Language Learning on the App Store,https://apps.apple.com/us/app/babbel-language-learning/id829587759,apps.apple.com,False
language learning app,5,Best Language Learning Apps for 2024 - CNET,https://www.cnet.com/tech/services-and-software/best-language-learning-apps/,www.cnet.com,False
language learning app,6,What's the Best language learning app currently : r/languagelearning,https://www.reddit.com/r/languagelearning/comments/12ngdss/whats_the_best_language_learning_app_currently/,www.reddit.com,False
language learning app,7,8 Best Language Learning Apps (2024): Online Courses and a ...,https://www.wired.com/gallery/best-language-learning-apps/,www.wired.com,False
language learning app,8,"Best language learning apps in 2024, tested by our editors | CNN ...",https://www.cnn.com/cnn-underscored/reviews/best-language-learning-apps,www.cnn.com,False
language learning app,9,Language for Life - Babbel.com | Babbel,https://www.babbel.com/,www.babbel.com,False
language learning app,10,Official Rosetta Stone® | How Language Is Learned,https://www.rosettastone.com/,www.rosettastone.com,True
best language learning app,1,Best app to learn languages? (from your personal experience) : r ...,https://www.reddit.com/r/languagelearning/comments/14tj4yg/best_app_to_learn_languages_from_your_personal/,www.reddit.com,False
best language learning app,2,Best Language Learning Apps for 2024 - CNET,https://www.cnet.com/tech/services-and-software/best-language-learning-apps/,www.cnet.com,False
best language learning app,3,What's the Best language learning app currently : r/languagelearning,https://www.reddit.com/r/languagelearning/comments/12ngdss/whats_the_best_language_learning_app_currently/,www.reddit.com,False
best language learning app,4,8 Best Language Learning Apps (2024): Online Courses and a ...,https://www.wired.com/gallery/best-language-learning-apps/,www.wired.com,False
best language learning app,5,"Best language learning apps in 2024, tested by our editors | CNN ...",https://www.cnn.com/cnn-underscored/reviews/best-language-learning-apps,www.cnn.com,False
best language learning app,6,Which is the best AI conversation practice app for language learners ...,https://oh-yeah-sarah.medium.com/which-is-the-best-ai-conversation-practice-app-for-language-learners-68fccc6942ad,oh-yeah-sarah.medium.com,False
best language learning app,7,Duolingo - Language Lessons on the App Store,https://apps.apple.com/us/app/duolingo-language-lessons/id570060128,apps.apple.com,False
best language learning app,8,What is the best language learning app? - Quora,https://www.quora.com/What-is-the-best-language-learning-app,www.quora.com,False
best language learning app,9,Language software - Rick Steves Travel Forum,https://community.ricksteves.com/travel-forum/tours/language-software,community.ricksteves.com,False
best language learning app,10,My Honest Review of Duolingo for Homeschool Language Learning ...,https://languagelearningathome.com/blog/my-honest-review-of-duolingo-for-homeschool-language-learning,languagelearningathome.com,False
learn language online,1,Duolingo - The world's best way to learn a language,https://www.duolingo.com/,www.duolingo.com,True
learn language online,2,Language for Life - Babbel.com | Babbel,https://www.babbel.com/,www.babbel.com,False
learn language online,3,Learn a Language | Free Online Language Learning,https://www.learnalanguage.com/,www.learnalanguage.com,False
learn language online,4,Official Rosetta Stone® | How Language Is Learned,https://www.rosettastone.com/,www.rosettastone.com,True
learn language online,5,Preply: Learn with the best online language tutors,https://preply.com/,preply.com,False
learn language online,6,Busuu - Learn Languages Online: Start for Free,https://www.busuu.com/,www.busuu.com,False
learn language online,7,"15 Best At-Home Language Learning Programs, Tools 2020 | The ...",https://nymag.com/strategist/article/how-to-learn-languages-at-home.html,nymag.com,False
learn language online,8,Learn Languages Online - Language Learner Success | Pimsleur®,https://www.pimsleur.com/,www.pimsleur.com,False
learn language online,9,Duolingo - Language Lessons on the App Store,https://apps.apple.com/us/app/duolingo-language-lessons/id570060128,apps.apple.com,False
learn language online,10,Duolingo: Language Lessons - Apps on Google Play,https://play.google.com/store/apps/details?id=com.duolingo&hl=en_US,play.google.com,False
fun language learning,1,Fun Language Learning,https://www.facebook.com/funlanguagelearning.co/,www.facebook.com,False
fun language learning,2,Making language learning fun : r/languagelearning,https://www.reddit.com/r/languagelearning/comments/lufzim/making_language_learning_fun/,www.reddit.com,False
fun language learning,3,Fun World Language Academy,https://www.funworldlanguageacademy.com/,www.funworldlanguageacademy.com,False
fun language learning,4,The most fun languages to learn? : r/languagelearning,https://www.reddit.com/r/languagelearning/comments/w7l6tv/the_most_fun_languages_to_learn/,www.reddit.com,False
fun language learning,5,Studycat - Fun language learning for kids,https://studycat.com/,studycat.com,False
fun language learning,6,This Is The Most Fun Language Learning Website Ever Made! | by ...,https://medium.com/@danvangorden/this-is-the-most-fun-language-learning-website-ever-made-433f75537276,medium.com,False
fun language learning,7,Duolingo - The world's best way to learn a language,https://www.duolingo.com/,www.duolingo.com,True
fun language learning,8,Should Language Learning Be Fun?,https://www.linkedin.com/pulse/should-language-learning-fun-daniel-israel,www.linkedin.com,False
fun language learning,9,The 12 Most Fun Ways I've Learned Languages | FluentU Language ...,https://www.fluentu.com/blog/learn/fun-way-to-learn-a-language/,www.fluentu.com,False
fun language learning,10,16 Language Learning Games & Activities: Fun & Effective,https://preply.com/en/blog/at-home-language-learning-games/,preply.com,False
learn languages with AI,1,Mastering a language by practicing with an AI bot : r/languagelearning,https://www.reddit.com/r/languagelearning/comments/zdilmi/mastering_a_language_by_practicing_with_an_ai_bot/,www.reddit.com,False
learn languages with AI,2,Students switch to AI to learn languages,https://www.bbc.com/news/business-65849104,www.bbc.com,False
learn languages with AI,3,Have you tried any AI chat language learning tools? What did you ...,https://www.reddit.com/r/artificial/comments/14m2fcu/have_you_tried_any_ai_chat_language_learning/,www.reddit.com,False
learn languages with AI,4,What's the best AI language learning app in 2024?,https://languatalk.com/blog/whats-the-best-ai-for-language-learning/,languatalk.com,False
learn languages with AI,5,machine learning - How would an AI learn language? - Artificial ...,https://ai.stackexchange.com/questions/1970/how-would-an-ai-learn-language,ai.stackexchange.com,False
learn languages with AI,6,Gliglish · Learn languages by speaking with AI,https://gliglish.com/,gliglish.com,False
learn languages with AI,7,Top AI Tools to Learn a New Language (2024 Updated List),https://textcortex.com/post/top-ai-tools-to-learn-a-new-language,textcortex.com,False
learn languages with AI,8,Lingvist: Learn a New Language Smarter and Faster Online,https://lingvist.com/,lingvist.com,False
learn languages with AI,9,The Terrible Downside of AI Language Translation - The Atlantic,https://www.theatlantic.com/ideas/archive/2023/07/the-terrible-downside-of-ai-language-translation/674687/,www.theatlantic.com,False
learn languages with AI,10,Talkpal: AI Language Teacher,https://talkpal.ai/,talkpal.ai,True
AI language tutor,1,Free AI Language Teacher · Gliglish ·,https://gliglish.com/free,gliglish.com,False
AI language tutor,2,Talkpal: AI Language Teacher,https://talkpal.ai/,talkpal.ai,True
AI language tutor,3,Al Language Tutor - Fluently on the App Store,https://apps.apple.com/us/app/al-language-tutor-fluently/id6445847787,apps.apple.com,False
AI language tutor,4,How useful are AI language tutors and will they steal teachers' jobs ...,https://oh-yeah-sarah.medium.com/how-useful-are-ai-language-tutors-and-will-they-steal-teachers-jobs-de4eeb69a311,oh-yeah-sarah.medium.com,False
AI language tutor,5,"My Experience with Italian, and How It Inspired an AI Language ...",https://www.reddit.com/r/italianlearning/comments/15c52vs/my_experience_with_italian_and_how_it_inspired_an/,www.reddit.com,False
AI language tutor,6,Speak - The language learning app that gets you speaking,https://www.speak.com/,www.speak.com,False
AI language tutor,7,Brick Bot - an AI Language Tutor which generates flashcards based ...,https://www.reddit.com/r/Anki/comments/1bub4jt/brick_bot_an_ai_language_tutor_which_generates/,www.reddit.com,False
AI language tutor,8,Tutor Lily: AI Language Tutor - Apps on Google Play,https://play.google.com/store/apps/details?id=com.tutorlily.app&hl=en_US,play.google.com,False
AI language tutor,9,Has anyone tried yourteacher.ai? : r/ArtificialInteligence,https://www.reddit.com/r/ArtificialInteligence/comments/16qqw9u/has_anyone_tried_yourteacherai/,www.reddit.com,False
AI language tutor,10,Teacher AI - Unlimited Foreign Language Conversation Practice,https://yourteacher.ai/,yourteacher.ai,False
virtual language tutor,1,Preply: Learn with the best online language tutors,https://preply.com/,preply.com,False
virtual language tutor,2,italki - Best language learning app with certificated tutors,https://www.italki.com/,www.italki.com,False
virtual language tutor,3,Verbling - The Modern Way to Learn a Language.,https://www.verbling.com/,www.verbling.com,False
virtual language tutor,4,Online Language Tutors > Language Lessons on Skype Zoom and ...,https://www.verbalplanet.com/,www.verbalplanet.com,False
virtual language tutor,5,12 Best Websites To Teach Languages Online And Make $30 An ...,https://www.sololingual.com/blog/teaching-languages-online,www.sololingual.com,False
virtual language tutor,6,Is a tutor the best way to learn a language? I'm willing to pay : r ...,https://www.reddit.com/r/languagelearning/comments/wqkltt/is_a_tutor_the_best_way_to_learn_a_language_im/,www.reddit.com,False
virtual language tutor,7,How to Book Private Language Lessons with an Online Tutor [2024 ...,https://www.fluentu.com/blog/learn/private-language-lessons/,www.fluentu.com,False
virtual language tutor,8,"Question on Language tutor sites (italki, Verbling, etc) : r ...",https://www.reddit.com/r/languagelearning/comments/tbo7iv/question_on_language_tutor_sites_italki_verbling/,www.reddit.com,False
virtual language tutor,9,10 Best Rated Online Language Teaching Websites for 2024,https://www.studyfrenchspanish.com/online-language-teaching/,www.studyfrenchspanish.com,False
virtual language tutor,10,25 Highest Rated Language Tutors,https://www.wyzant.com/Language_tutors.aspx,www.wyzant.com,False
AI language learning game,1,Harvard Students Build Their Own AI Game to Learn a New Language,https://www.wondavr.com/case-studies/ai-mystery,www.wondavr.com,False
AI language learning game,2,Have you tried any AI chat language learning tools? What did you ...,https://www.reddit.com/r/artificial/comments/14m2fcu/have_you_tried_any_ai_chat_language_learning/,www.reddit.com,False
AI language learning game,3,"Language-learning game, too ambitious? - Unity Forum",https://forum.unity.com/threads/language-learning-game-too-ambitious.469046/,forum.unity.com,False
AI language learning game,4,Something better than Duolingo? : r/languagelearning,https://www.reddit.com/r/languagelearning/comments/11yb0nd/something_better_than_duolingo/,www.reddit.com,False
AI language learning game,5,Immerse - Live Language Classes & AI Conversation Practice on ...,https://www.meta.com/experiences/3181432891940455/,www.meta.com,False
AI language learning game,6,Duolingo - The world's best way to learn a language,https://www.duolingo.com/,www.duolingo.com,True
AI language learning game,7,The Future of Language Learning: 5 Cutting-Edge Apps That Use AI ...,https://medium.com/@keplers-team/the-future-of-language-learning-5-cutting-edge-apps-that-use-ai-vr-and-ar-5896f7b24cea,medium.com,False
AI language learning game,8,What programming language do AI game programmers use? - Quora,https://www.quora.com/What-programming-language-do-AI-game-programmers-use,www.quora.com,False
AI language learning game,9,Games and AI in the World Language Class! - Growing with ...,https://growingwithproficiency.com/games-and-ai-in-the-world-language-class/,growingwithproficiency.com,False
AI language learning game,10,Immerse | Live VR Language Learning,https://www.immerse.com/,www.immerse.com,False
AI-powered language learning,1,Students switch to AI to learn languages,https://www.bbc.com/news/business-65849104,www.bbc.com,False
AI-powered language learning,2,Have you tried any AI chat language learning tools? What did you ...,https://www.reddit.com/r/artificial/comments/14m2fcu/have_you_tried_any_ai_chat_language_learning/,www.reddit.com,False
AI-powered language learning,3,How artificial intelligence is revolutionizing language learning,https://www.berlitz.com/blog/artificial-intelligence-ai-language-learning,www.berlitz.com,False
AI-powered language learning,4,Top AI Tools to Learn a New Language (2024 Updated List),https://textcortex.com/post/top-ai-tools-to-learn-a-new-language,textcortex.com,False
AI-powered language learning,5,Essentials of Artificial Intelligence for Language Learning - Intellias,https://intellias.com/how-ai-helps-crack-a-new-language/,intellias.com,False
AI-powered language learning,6,Learning Languages Has Never Been This Easy With AI - Talkpal,https://talkpal.ai/learning-languages-easy-with-ai/,talkpal.ai,True
AI-powered language learning,7,What's the best AI language learning app in 2024?,https://languatalk.com/blog/whats-the-best-ai-for-language-learning/,languatalk.com,False
AI-powered language learning,8,Laura Patsko (she/her) on LinkedIn: Language Trends Wales: an AI ...,https://www.linkedin.com/posts/laurapatsko_language-trends-wales-an-ai-powered-experiment-activity-7187874068635791360-o5Im,www.linkedin.com,False
AI-powered language learning,9,5 AI Powered Tools That Can Help You With Language Learning ...,https://www.edtechreview.in/elearning/five-ai-powered-tools-that-can-help-you-with-language-learning/,www.edtechreview.in,False
AI-powered language learning,10,"Introducing Duolingo Max, a learning experience powered by GPT-4",https://blog.duolingo.com/duolingo-max/,blog.duolingo.com,True
immersive language learning,1,Learning a language through immersion : r/languagelearning,https://www.reddit.com/r/languagelearning/comments/1646yw/learning_a_language_through_immersion/,www.reddit.com,False
immersive language learning,2,Immersion language learning: The best way to learn a new language,https://www.memrise.com/blog/immersion-language-learning-the-best-way-to-learn-a-new-language-top-5-language-immersion-tips,www.memrise.com,False
immersive language learning,3,"I've been told that 'immersive learning' is the most effective way, but ...",https://www.reddit.com/r/languagelearning/comments/18vc190/ive_been_told_that_immersive_learning_is_the_most/,www.reddit.com,False
immersive language learning,4,Why immersive learning is the best way to learn a new language ...,https://www.robertsonlanguages.com/why-immersive-learning-is-the-best-way-to-learn-a-new-language/,www.robertsonlanguages.com,False
immersive language learning,5,Immerse | Live VR Language Learning,https://www.immerse.com/,www.immerse.com,False
immersive language learning,6,The benefit of immersive language-learning experiences and how to ...,https://www.cambridgeenglish.org/blog/the-benefit-of-immersive-language-learning-experiences-and-how-to-create-them/,www.cambridgeenglish.org,False
immersive language learning,7,Curating an immersive language learning environment,https://www.linkedin.com/pulse/curating-immersive-language-learning-environment-tony-edwards,www.linkedin.com,False
immersive language learning,8,The importance of immersion: Why you should learn a language the ...,https://www.ef.com/wwen/blog/language/the-importance-of-immersion/,www.ef.com,False
immersive language learning,9,How to create language learning immersion | Swap Language,https://medium.com/swap-language/how-to-create-an-immersive-language-learning-experience-7d8207bc6750,medium.com,False
immersive language learning,10,Language Immersion Programs: Why Are They So Great?,https://www.goabroad.com/articles/language-study-abroad/language-immersion-programs,www.goabroad.com,False
language game,1,Language game (philosophy) - Wikipedia,https://en.wikipedia.org/wiki/Language_game_(philosophy),en.wikipedia.org,False
language game,2,Language Squad | Language Identification Game with Audio and ...,https://www.languagesquad.com/,www.languagesquad.com,False
language game,3,Could someone explain Wittgenstein's Language Games? : r ...,https://www.reddit.com/r/askphilosophy/comments/165v92d/could_someone_explain_wittgensteins_language_games/,www.reddit.com,False
language game,4,Dialect: A Game About Language and How it Dies – Thorny Games,https://thornygames.com/pages/dialect,thornygames.com,False
language game,5,Game Pass PC: How to change language? : r/evilgenius,https://www.reddit.com/r/evilgenius/comments/r5rz4h/game_pass_pc_how_to_change_language/,www.reddit.com,False
language game,6,How to change the language of a game or redownload it with a ...,https://answers.microsoft.com/en-us/xbox/forum/all/how-to-change-the-language-of-a-game-or-redownload/4836e2ea-cb2d-4040-90b5-b8974be92508,answers.microsoft.com,False
language game,7,c# - Good language to develop a game server in? - Stack Overflow,https://stackoverflow.com/questions/392624/good-language-to-develop-a-game-server-in,stackoverflow.com,False
language game,8,How to change language on Game Pass PC games? - Microsoft ...,https://answers.microsoft.com/en-us/xbox/forum/all/how-to-change-language-on-game-pass-pc-games/e1766a93-3022-4966-a298-92057fcb22d4,answers.microsoft.com,False
language game,9,c++ - The role of scripting languages in game Programming - Stack ...,https://stackoverflow.com/questions/609076/the-role-of-scripting-languages-in-game-programming,stackoverflow.com,False
language game,10,Cant change language - Game Pass - IV - Report a Bug - Age of ...,https://forums.ageofempires.com/t/cant-change-language-game-pass/177640,forums.ageofempires.com,False
